{"cameraMode":{"drawMode":0,"name":"Shaded","section":"Shading Mode"},"sceneLighting":true,"audioPlay":false,"sceneViewState":{"m_AlwaysRefresh":false,"showFog":true,"showSkybox":true,"showFlares":true,"showImageEffects":true,"showParticleSystems":true,"showVisualEffectGraphs":true,"m_FxEnabled":true},"in2DMode":false,"pivot":{"x":-67.2153549194336,"y":44.850406646728519,"z":94.54237365722656},"rotation":{"x":0.08020993322134018,"y":0.03005795367062092,"z":-0.0028917277231812479,"w":0.9965683817863464},"size":54.333213806152347,"orthographic":false}