{"cameraMode":{"drawMode":0,"name":"Shaded","section":"Shading Mode"},"sceneLighting":true,"audioPlay":false,"sceneViewState":{"m_AlwaysRefresh":false,"showFog":true,"showSkybox":true,"showFlares":true,"showImageEffects":true,"showParticleSystems":true,"showVisualEffectGraphs":true,"m_FxEnabled":true},"in2DMode":false,"pivot":{"x":181.43496704101563,"y":48.656288146972659,"z":-9.433551788330079},"rotation":{"x":-0.03692673519253731,"y":-0.7158401608467102,"z":0.038455087691545489,"w":-0.6965125799179077},"size":40.332313537597659,"orthographic":false}